ID,Human_Rater,UPLIFT_Foot_Contact,Human_Foot_Contact,FC_Difference,UPLIFT_Ball_Contact,Human_Ball_Contact,BC_Difference,UPLIFT_Swing_Through,Human_Swing_Through,ST_Difference
HIT_001,Shun,543,551.0,8.0,576,584.0,8.0,585,583.0,-2.0
HIT_002,Shun,92,97.0,5.0,123,124.0,1.0,121,123.0,2.0
HIT_003,Shun,299,303.0,4.0,322,327.0,5.0,324,328.0,4.0
HIT_004,Shun,510,511.0,1.0,538,539.0,1.0,534,538.0,4.0
HIT_005,Shun,410,409.0,-1.0,442,448.0,6.0,447,448.0,1.0
HIT_006,Shun,573,582.0,9.0,608,609.0,1.0,610,609.0,-1.0
HIT_008,Shun,399,399.0,0.0,427,428.0,1.0,427,427.0,0.0
HIT_010,Shun,251,247.0,-4.0,255,276.0,21.0,276,277.0,1.0
HIT_011,Shun,289,289.0,0.0,312,314.0,2.0,312,313.0,1.0
HIT_012,Shun,360,360.0,0.0,382,391.0,9.0,387,390.0,3.0
HIT_013,Shun,684,678.0,-6.0,714,718.0,4.0,717,717.0,0.0
HIT_014,Shun,393,391.0,-2.0,425,428.0,3.0,427,427.0,0.0
HIT_015,Shun,821,830.0,9.0,844,852.0,8.0,851,851.0,0.0
HIT_016,Shun,377,380.0,3.0,405,409.0,4.0,409,407.0,-2.0
HIT_017,Shun,567,578.0,11.0,602,610.0,8.0,613,610.0,-3.0
HIT_018,Shun,537,552.0,15.0,569,577.0,8.0,582,577.0,-5.0
HIT_019,Shun,411,413.0,2.0,437,442.0,5.0,438,440.0,2.0
HIT_020,Shun,422,424.0,2.0,446,451.0,5.0,448,450.0,2.0
HIT_021,Shun,561,560.0,-1.0,588,592.0,4.0,590,589.0,-1.0
HIT_022,Shun,679,678.0,-1.0,706,710.0,4.0,707,709.0,2.0
HIT_023,Shun,903,920.0,17.0,948,953.0,5.0,988,950.0,-38.0
HIT_024,Shun,589,595.0,6.0,624,625.0,1.0,623,624.0,1.0
HIT_025,Shun,432,437.0,5.0,455,464.0,9.0,464,465.0,1.0
HIT_026,Shun,499,506.0,7.0,526,534.0,8.0,499,535.0,36.0
HIT_027,Shun,1173,1182.0,9.0,1200,1204.0,4.0,1173,1206.0,33.0
HIT_028,Shun,397,394.0,-3.0,412,429.0,17.0,434,429.0,-5.0
HIT_029,Shun,444,493.0,49.0,520,528.0,8.0,527,529.0,2.0
HIT_030,Shun,350,386.0,36.0,401,409.0,8.0,409,410.0,1.0
HIT_031,Shun,589,592.0,3.0,610,619.0,9.0,620,620.0,0.0
HIT_032,Shun,980,977.0,-3.0,1009,1015.0,6.0,1013,1017.0,4.0
HIT_033,Shun,568,580.0,12.0,598,601.0,3.0,603,604.0,1.0
HIT_034,Shun,489,502.0,13.0,521,526.0,5.0,528,528.0,0.0
HIT_035,Shun,403,409.0,6.0,424,430.0,6.0,430,430.0,0.0
HIT_036,Shun,415,413.0,-2.0,447,447.0,0.0,445,448.0,3.0
HIT_037,Shun,477,477.0,0.0,510,512.0,2.0,507,510.0,3.0
HIT_038,Shun,715,713.0,-2.0,736,738.0,2.0,736,738.0,2.0
HIT_039,Shun,488,486.0,-2.0,508,511.0,3.0,510,510.0,0.0
HIT_040,Shun,484,489.0,5.0,512,513.0,1.0,507,512.0,5.0
HIT_041,Shun,574,578.0,4.0,602,603.0,1.0,600,602.0,2.0
HIT_042,Shun,386,392.0,6.0,424,426.0,2.0,425,426.0,1.0
HIT_043,Shun,196,210.0,14.0,230,236.0,6.0,236,237.0,1.0
HIT_044,Shun,256,262.0,6.0,290,290.0,0.0,288,289.0,1.0
HIT_045,Shun,487,490.0,3.0,512,514.0,2.0,516,515.0,-1.0
HIT_046,Shun,313,370.0,57.0,401,409.0,8.0,412,409.0,-3.0
HIT_047,Shun,421,423.0,2.0,450,455.0,5.0,456,455.0,-1.0
HIT_048,Shun,307,313.0,6.0,332,339.0,7.0,337,340.0,3.0
HIT_049,Shun,446,447.0,1.0,476,481.0,5.0,478,482.0,4.0
HIT_050,Shun,350,353.0,3.0,372,380.0,8.0,381,382.0,1.0
HIT_051,Shun,251,260.0,9.0,290,293.0,3.0,293,293.0,0.0
HIT_052,Shun,478,479.0,1.0,506,511.0,5.0,517,511.0,-6.0
HIT_053,Shun,821,827.0,6.0,850,856.0,6.0,869,854.0,-15.0
HIT_054,Shun,356,359.0,3.0,387,390.0,3.0,389,389.0,0.0
HIT_055,Shun,448,447.0,-1.0,476,480.0,4.0,479,480.0,1.0
HIT_056,Shun,550,560.0,10.0,586,586.0,0.0,586,586.0,0.0
HIT_057,Shun,238,241.0,3.0,270,274.0,4.0,273,273.0,0.0
HIT_058,Shun,457,475.0,18.0,490,498.0,8.0,498,499.0,1.0
HIT_059,Shun,476,479.0,3.0,508,508.0,0.0,511,508.0,-3.0
HIT_060,Shun,449,466.0,17.0,488,489.0,1.0,449,489.0,40.0
HIT_061,Shun,373,376.0,3.0,401,403.0,2.0,399,402.0,3.0
HIT_062,Shun,292,293.0,1.0,318,319.0,1.0,317,319.0,2.0
HIT_063,Shun,404,406.0,2.0,434,435.0,1.0,430,434.0,4.0
HIT_064,Shun,466,473.0,7.0,500,502.0,2.0,498,502.0,4.0
HIT_065,Shun,595,593.0,-2.0,627,631.0,4.0,631,629.0,-2.0
HIT_066,Shun,442,440.0,-2.0,477,485.0,8.0,484,483.0,-1.0
HIT_067,Shun,425,416.0,-9.0,460,462.0,2.0,462,460.0,-2.0
HIT_068,Shun,881,890.0,9.0,913,920.0,7.0,950,919.0,-31.0
HIT_069,Shun,510,516.0,6.0,539,547.0,8.0,549,547.0,-2.0
HIT_070,Shun,998,1003.0,5.0,1038,1046.0,8.0,1006,1044.0,38.0
HIT_071,Shun,368,379.0,11.0,406,414.0,8.0,377,412.0,35.0
HIT_072,Shun,227,231.0,4.0,253,260.0,7.0,259,260.0,1.0
HIT_073,Shun,313,322.0,9.0,342,350.0,8.0,313,352.0,39.0
HIT_074,Shun,610,612.0,2.0,640,647.0,7.0,647,647.0,0.0
HIT_075,Shun,367,369.0,2.0,393,400.0,7.0,400,401.0,1.0
HIT_076,Shun,279,284.0,5.0,314,316.0,2.0,311,315.0,4.0
HIT_077,Shun,513,519.0,6.0,548,549.0,1.0,546,548.0,2.0
HIT_078,Shun,404,417.0,13.0,438,440.0,2.0,440,443.0,3.0
HIT_079,Shun,514,524.0,10.0,548,550.0,2.0,548,549.0,1.0
HIT_080,Shun,486,498.0,12.0,509,514.0,5.0,513,515.0,2.0
HIT_081,Shun,645,647.0,2.0,674,676.0,2.0,673,676.0,3.0
HIT_082,Shun,508,532.0,24.0,545,552.0,7.0,554,553.0,-1.0
HIT_083,Shun,887,896.0,9.0,913,920.0,7.0,921,922.0,1.0
HIT_085,Shun,577,587.0,10.0,615,617.0,2.0,614,616.0,2.0
HIT_086,Shun,488,499.0,11.0,526,528.0,2.0,526,527.0,1.0
HIT_087,Shun,458,380.0,-78.0,410,414.0,4.0,414,414.0,0.0
HIT_088,Shun,343,348.0,5.0,384,385.0,1.0,383,383.0,0.0
HIT_089,Shun,348,358.0,10.0,384,386.0,2.0,384,385.0,1.0
HIT_090,Shun,445,447.0,2.0,468,476.0,8.0,476,475.0,-1.0
HIT_091,Shun,679,678.0,-1.0,702,711.0,9.0,710,711.0,1.0
HIT_092,Shun,390,388.0,-2.0,414,417.0,3.0,415,417.0,2.0
HIT_093,Shun,684,682.0,-2.0,712,714.0,2.0,708,711.0,3.0
HIT_094,Shun,265,325.0,60.0,350,353.0,3.0,348,352.0,4.0
HIT_095,Shun,366,400.0,34.0,428,433.0,5.0,429,432.0,3.0
HIT_096,Shun,1268,1272.0,4.0,1302,1303.0,1.0,1300,1303.0,3.0
HIT_097,Shun,282,280.0,-2.0,306,311.0,5.0,307,311.0,4.0
HIT_098,Shun,424,450.0,26.0,455,457.0,2.0,455,458.0,3.0
HIT_099,Shun,1199,1217.0,18.0,1205,1231.0,26.0,1226,1232.0,6.0
HIT_100,Shun,782,781.0,-1.0,822,823.0,1.0,817,820.0,3.0
HIT_101,Shun,492,491.0,-1.0,522,527.0,5.0,522,525.0,3.0
HIT_102,Shun,434,433.0,-1.0,460,466.0,6.0,486,465.0,-21.0
HIT_103,Shun,165,166.0,1.0,198,198.0,0.0,200,197.0,-3.0
HIT_104,Shun,366,368.0,2.0,397,398.0,1.0,397,396.0,-1.0
HIT_105,Shun,825,826.0,1.0,858,864.0,6.0,860,863.0,3.0
HIT_106,Shun,415,413.0,-2.0,448,451.0,3.0,449,451.0,2.0
HIT_107,Shun,452,450.0,-2.0,478,481.0,3.0,478,480.0,2.0
HIT_108,Shun,500,498.0,-2.0,524,530.0,6.0,530,529.0,-1.0
HIT_109,Shun,345,349.0,4.0,394,395.0,1.0,392,393.0,1.0
HIT_110,Shun,527,526.0,-1.0,575,577.0,2.0,573,578.0,5.0
HIT_111,Shun,667,674.0,7.0,702,704.0,2.0,701,704.0,3.0
HIT_112,Shun,474,478.0,4.0,510,513.0,3.0,509,512.0,3.0
HIT_113,Shun,456,459.0,3.0,492,499.0,7.0,500,501.0,1.0
HIT_114,Shun,380,385.0,5.0,420,427.0,7.0,427,427.0,0.0
HIT_115,Shun,113,117.0,4.0,144,149.0,5.0,151,149.0,-2.0
HIT_116,Shun,812,815.0,3.0,835,840.0,5.0,843,840.0,-3.0
HIT_117,Shun,960,963.0,3.0,992,998.0,6.0,1005,998.0,-7.0
HIT_118,Shun,324,332.0,8.0,358,356.0,-2.0,358,357.0,-1.0
HIT_119,Shun,410,433.0,23.0,456,462.0,6.0,461,461.0,0.0
HIT_120,Shun,479,492.0,13.0,528,530.0,2.0,527,529.0,2.0
HIT_121,Shun,653,660.0,7.0,676,684.0,8.0,683,685.0,2.0
HIT_122,Shun,596,597.0,1.0,618,625.0,7.0,626,624.0,-2.0
HIT_123,Shun,487,484.0,-3.0,513,515.0,2.0,512,513.0,1.0
HIT_125,Shun,285,314.0,29.0,344,347.0,3.0,342,346.0,4.0
HIT_126,Shun,438,438.0,0.0,464,465.0,1.0,463,464.0,1.0
HIT_127,Shun,65,79.0,14.0,100,109.0,9.0,110,110.0,0.0
HIT_128,Shun,218,223.0,5.0,250,261.0,11.0,262,262.0,0.0
HIT_130,Shun,329,325.0,-4.0,356,362.0,6.0,357,361.0,4.0
HIT_131,Shun,498,500.0,2.0,530,538.0,8.0,537,535.0,-2.0
HIT_132,Both (Avg),505,505.0,0.0,536,545.0,9.0,546,545.0,-1.0
HIT_133,Both (Avg),339,339.0,0.0,372,376.0,4.0,375,376.0,1.0
HIT_134,Both (Avg),483,491.0,8.0,516,521.0,5.0,483,521.0,38.0
HIT_135,Both (Avg),242,241.0,-1.0,266,274.5,8.5,276,275.5,-0.5
HIT_136,Both (Avg),426,421.0,-5.0,444,450.5,6.5,465,454.0,-11.0
HIT_137,Both (Avg),882,882.5,0.5,904,913.0,9.0,915,913.0,-2.0
HIT_138,Both (Avg),1042,1045.5,3.5,1073,1081.0,8.0,1085,1080.5,-4.5
HIT_139,Both (Avg),602,604.0,2.0,612,642.5,30.5,640,641.5,1.5
HIT_140,Both (Avg),525,518.5,-6.5,552,554.5,2.5,551,553.5,2.5
HIT_141,Both (Avg),409,403.0,-6.0,430,437.0,7.0,436,437.0,1.0
HIT_142,Both (Avg),340,347.5,7.5,380,381.0,1.0,377,381.5,4.5
HIT_143,Both (Avg),456,466.0,10.0,497,502.0,5.0,496,500.0,4.0
HIT_145,Both (Avg),297,302.0,5.0,335,338.5,3.5,340,337.5,-2.5
HIT_147,Both (Avg),422,433.0,11.0,448,453.0,5.0,452,452.5,0.5
HIT_148,Both (Avg),131,130.5,-0.5,166,167.0,1.0,161,166.0,5.0
HIT_150,Both (Avg),430,426.0,-4.0,454,458.0,4.0,454,456.5,2.5
HIT_151,Both (Avg),487,484.5,-2.5,514,521.0,7.0,520,521.5,1.5
HIT_152,Both (Avg),532,530.0,-2.0,553,559.0,6.0,553,559.0,6.0
HIT_153,Both (Avg),482,482.0,0.0,510,512.0,2.0,509,512.0,3.0
HIT_154,Ricky,521,517.0,-4.0,546,553.0,7.0,549,551.0,2.0
HIT_155,Ricky,744,747.0,3.0,779,782.0,3.0,779,782.0,3.0
HIT_156,Ricky,848,847.0,-1.0,887,893.0,6.0,889,893.0,4.0
HIT_157,Ricky,466,460.0,-6.0,495,497.0,2.0,496,500.0,4.0
HIT_158,Ricky,568,564.0,-4.0,598,599.0,1.0,597,601.0,4.0
HIT_159,Ricky,196,199.0,3.0,222,231.0,9.0,231,231.0,0.0
HIT_160,Ricky,450,465.0,15.0,477,481.0,4.0,484,483.0,-1.0
HIT_161,Ricky,370,375.0,5.0,393,402.0,9.0,398,402.0,4.0
HIT_162,Ricky,542,545.0,3.0,564,574.0,10.0,571,575.0,4.0
HIT_163,Ricky,517,524.0,7.0,552,559.0,7.0,556,556.0,0.0
HIT_164,Ricky,301,311.0,10.0,333,340.0,7.0,337,338.0,1.0
HIT_165,Ricky,357,353.0,-4.0,376,384.0,8.0,384,384.0,0.0
HIT_166,Ricky,996,996.0,0.0,1021,1030.0,9.0,1029,1030.0,1.0
HIT_167,Ricky,751,760.0,9.0,794,798.0,4.0,794,797.0,3.0
HIT_168,Ricky,285,287.0,2.0,316,319.0,3.0,317,318.0,1.0
HIT_169,Ricky,471,473.0,2.0,500,501.0,1.0,498,501.0,3.0
HIT_170,Ricky,164,165.0,1.0,195,196.0,1.0,193,195.0,2.0
HIT_171,Ricky,832,829.0,-3.0,865,867.0,2.0,867,867.0,0.0
HIT_172,Ricky,1020,1014.0,-6.0,1050,1054.0,4.0,1052,1054.0,2.0
HIT_173,Ricky,414,424.0,10.0,454,459.0,5.0,459,459.0,0.0
HIT_174,Ricky,328,332.0,4.0,368,370.0,2.0,369,370.0,1.0
HIT_175,Ricky,212,211.0,-1.0,238,239.0,1.0,238,240.0,2.0
HIT_176,Ricky,426,424.0,-2.0,456,459.0,3.0,454,458.0,4.0
HIT_177,Ricky,702,704.0,2.0,736,739.0,3.0,739,740.0,1.0
HIT_178,Ricky,680,684.0,4.0,713,715.0,2.0,711,714.0,3.0
HIT_179,Ricky,1089,1086.0,-3.0,1122,1127.0,5.0,1129,1128.0,-1.0
HIT_180,Ricky,662,667.0,5.0,692,701.0,9.0,700,701.0,1.0
HIT_181,Ricky,519,521.0,2.0,556,558.0,2.0,557,559.0,2.0
HIT_182,Ricky,383,385.0,2.0,416,418.0,2.0,415,418.0,3.0
HIT_183,Ricky,426,430.0,4.0,456,465.0,9.0,464,466.0,2.0
HIT_186,Ricky,324,328.0,4.0,362,364.0,2.0,361,364.0,3.0
HIT_187,Ricky,410,401.0,-9.0,436,438.0,2.0,435,438.0,3.0
HIT_188,Ricky,657,659.0,2.0,686,689.0,3.0,684,687.0,3.0
HIT_189,Ricky,595,590.0,-5.0,653,661.0,8.0,660,660.0,0.0
HIT_190,Ricky,469,471.0,2.0,514,521.0,7.0,521,521.0,0.0
HIT_191,Ricky,644,639.0,-5.0,680,683.0,3.0,684,683.0,-1.0
HIT_192,Ricky,542,533.0,-9.0,584,587.0,3.0,586,587.0,1.0
HIT_193,Ricky,449,449.0,0.0,484,486.0,2.0,480,485.0,5.0
HIT_194,Ricky,1289,1288.0,-1.0,1308,1328.0,20.0,1324,1330.0,6.0
HIT_195,Ricky,374,367.0,-7.0,412,418.0,6.0,417,418.0,1.0
HIT_196,Ricky,578,568.0,-10.0,619,626.0,7.0,627,625.0,-2.0
HIT_197,Ricky,347,359.0,12.0,386,387.0,1.0,386,388.0,2.0
HIT_198,Ricky,712,719.0,7.0,746,747.0,1.0,745,748.0,3.0
HIT_199,Ricky,300,300.0,0.0,339,341.0,2.0,335,339.0,4.0
HIT_200,Ricky,351,346.0,-5.0,390,394.0,4.0,388,391.0,3.0
HIT_201,Ricky,732,735.0,3.0,756,765.0,9.0,762,763.0,1.0
HIT_202,Ricky,628,625.0,-3.0,649,657.0,8.0,655,658.0,3.0
HIT_203,Ricky,602,598.0,-4.0,629,636.0,7.0,629,634.0,5.0
HIT_204,Ricky,515,516.0,1.0,548,548.0,0.0,542,547.0,5.0
HIT_205,Ricky,561,558.0,-3.0,591,593.0,2.0,589,593.0,4.0
HIT_206,Ricky,394,391.0,-3.0,422,428.0,6.0,425,428.0,3.0
HIT_207,Ricky,430,425.0,-5.0,456,462.0,6.0,465,463.0,-2.0
HIT_208,Ricky,429,434.0,5.0,461,469.0,8.0,470,470.0,0.0
